{"cameraMode":{"drawMode":0,"name":"Shaded","section":"Shading Mode"},"sceneLighting":false,"audioPlay":false,"sceneViewState":{"m_AlwaysRefresh":false,"showFog":true,"showSkybox":false,"showFlares":true,"showImageEffects":true,"showParticleSystems":true,"showVisualEffectGraphs":true,"m_FxEnabled":true},"in2DMode":false,"pivot":{"x":389.2414245605469,"y":230.87673950195313,"z":0.5079565048217773},"rotation":{"x":0.04259667173027992,"y":0.009861825034022332,"z":-0.00041902647353708744,"w":0.999109148979187},"size":20.149269104003908,"orthographic":false}