{"cameraMode":{"drawMode":0,"name":"Shaded","section":"Shading Mode"},"sceneLighting":false,"audioPlay":false,"sceneViewState":{"m_AlwaysRefresh":false,"showFog":true,"showSkybox":false,"showFlares":true,"showImageEffects":true,"showParticleSystems":true,"showVisualEffectGraphs":true,"m_FxEnabled":true},"in2DMode":false,"pivot":{"x":348.74652099609377,"y":186.662353515625,"z":17.59524154663086},"rotation":{"x":-0.00011967437603743747,"y":0.999749481678009,"z":-0.024607466533780099,"w":-0.0038680299185216429},"size":89.49462127685547,"orthographic":false}