{"cameraMode":{"drawMode":0,"name":"Shaded","section":"Shading Mode"},"sceneLighting":false,"audioPlay":false,"sceneViewState":{"m_AlwaysRefresh":false,"showFog":true,"showSkybox":false,"showFlares":true,"showImageEffects":true,"showParticleSystems":true,"showVisualEffectGraphs":true,"m_FxEnabled":true},"in2DMode":false,"pivot":{"x":492.6541748046875,"y":315.0147705078125,"z":-6.930347442626953},"rotation":{"x":0.06057533994317055,"y":0.0014624843606725336,"z":-0.00012157385936006904,"w":0.9982262253761292},"size":27.440584182739259,"orthographic":false}