{"cameraMode":{"drawMode":0,"name":"Shaded","section":"Shading Mode"},"sceneLighting":false,"audioPlay":false,"sceneViewState":{"m_AlwaysRefresh":false,"showFog":true,"showSkybox":false,"showFlares":true,"showImageEffects":true,"showParticleSystems":true,"showVisualEffectGraphs":true,"m_FxEnabled":true},"in2DMode":false,"pivot":{"x":370.28009033203127,"y":207.7618865966797,"z":17.95096206665039},"rotation":{"x":-0.0017167322803288699,"y":0.9964679479598999,"z":-0.08210307359695435,"w":-0.02059794031083584},"size":17.40353012084961,"orthographic":false}