{"cameraMode":{"drawMode":0,"name":"Shaded","section":"Shading Mode"},"sceneLighting":false,"audioPlay":false,"sceneViewState":{"m_AlwaysRefresh":false,"showFog":true,"showSkybox":false,"showFlares":true,"showImageEffects":true,"showParticleSystems":true,"showVisualEffectGraphs":true,"m_FxEnabled":true},"in2DMode":false,"pivot":{"x":388.35321044921877,"y":218.59487915039063,"z":-0.024180777370929719},"rotation":{"x":0.01500890962779522,"y":-0.005734032019972801,"z":0.00006948984082555398,"w":0.9999306201934815},"size":17.355478286743165,"orthographic":false}