{"cameraMode":{"drawMode":0,"name":"Shaded","section":"Shading Mode"},"sceneLighting":false,"audioPlay":false,"sceneViewState":{"m_AlwaysRefresh":false,"showFog":true,"showSkybox":false,"showFlares":true,"showImageEffects":true,"showParticleSystems":true,"showVisualEffectGraphs":true,"m_FxEnabled":true},"in2DMode":false,"pivot":{"x":401.5396728515625,"y":217.98202514648438,"z":-18.773122787475587},"rotation":{"x":-0.0041481428779661659,"y":0.15326975286006928,"z":0.0006010407232679427,"w":0.9882421493530273},"size":16.608423233032228,"orthographic":false}