{"cameraMode":{"drawMode":0,"name":"Shaded","section":"Shading Mode"},"sceneLighting":false,"audioPlay":false,"sceneViewState":{"m_AlwaysRefresh":false,"showFog":true,"showSkybox":false,"showFlares":true,"showImageEffects":true,"showParticleSystems":true,"showVisualEffectGraphs":true,"m_FxEnabled":true},"in2DMode":false,"pivot":{"x":389.4213562011719,"y":224.10508728027345,"z":0.06401288509368897},"rotation":{"x":0.006522769574075937,"y":0.1591915786266327,"z":-0.0010648206807672978,"w":0.9872841238975525},"size":25.135269165039064,"orthographic":false}