{"cameraMode":{"drawMode":0,"name":"Shaded","section":"Shading Mode"},"sceneLighting":false,"audioPlay":false,"sceneViewState":{"m_AlwaysRefresh":false,"showFog":true,"showSkybox":false,"showFlares":true,"showImageEffects":true,"showParticleSystems":true,"showVisualEffectGraphs":true,"m_FxEnabled":true},"in2DMode":false,"pivot":{"x":386.2082214355469,"y":234.74671936035157,"z":-2.8487818241119386},"rotation":{"x":0.14403590559959413,"y":0.032317619770765308,"z":-0.004733026493340731,"w":0.9890921115875244},"size":15.455842018127442,"orthographic":false}