{"cameraMode":{"drawMode":0,"name":"Shaded","section":"Shading Mode"},"sceneLighting":false,"audioPlay":false,"sceneViewState":{"m_AlwaysRefresh":false,"showFog":true,"showSkybox":false,"showFlares":true,"showImageEffects":true,"showParticleSystems":true,"showVisualEffectGraphs":true,"m_FxEnabled":true},"in2DMode":false,"pivot":{"x":386.6864013671875,"y":225.37826538085938,"z":-13.17136287689209},"rotation":{"x":0.022846337407827379,"y":0.21571128070354463,"z":-0.005099150352180004,"w":0.9762442111968994},"size":20.608081817626954,"orthographic":false}