{"cameraMode":{"drawMode":0,"name":"Shaded","section":"Shading Mode"},"sceneLighting":false,"audioPlay":false,"sceneViewState":{"m_AlwaysRefresh":false,"showFog":true,"showSkybox":false,"showFlares":true,"showImageEffects":true,"showParticleSystems":true,"showVisualEffectGraphs":true,"m_FxEnabled":true},"in2DMode":false,"pivot":{"x":389.8890380859375,"y":218.97119140625,"z":-0.015972832217812539},"rotation":{"x":-0.0002698195748962462,"y":0.9994189143180847,"z":-0.03540293127298355,"w":-0.006265860982239246},"size":27.389606475830079,"orthographic":false}