{"cameraMode":{"drawMode":0,"name":"Shaded","section":"Shading Mode"},"sceneLighting":true,"audioPlay":false,"sceneViewState":{"m_AlwaysRefresh":false,"showFog":true,"showSkybox":true,"showFlares":true,"showImageEffects":true,"showParticleSystems":true,"showVisualEffectGraphs":true,"m_FxEnabled":true},"in2DMode":false,"pivot":{"x":45.548316955566409,"y":122.57273864746094,"z":61.25696563720703},"rotation":{"x":-0.23911741375923158,"y":-0.3632892966270447,"z":0.09703575074672699,"w":-0.8952260613441467},"size":11.032264709472657,"orthographic":false}