{"cameraMode":{"drawMode":0,"name":"Shaded","section":"Shading Mode"},"sceneLighting":true,"audioPlay":false,"sceneViewState":{"m_AlwaysRefresh":false,"showFog":true,"showSkybox":true,"showFlares":true,"showImageEffects":true,"showParticleSystems":true,"showVisualEffectGraphs":true,"m_FxEnabled":true},"in2DMode":false,"pivot":{"x":28.030107498168947,"y":9.659332275390625,"z":-3.5592007637023927},"rotation":{"x":-0.011403214186429978,"y":-0.0326940193772316,"z":0.00037717141094617546,"w":-0.9994087219238281},"size":36.944366455078128,"orthographic":false}