{"cameraMode":{"drawMode":0,"name":"Shaded","section":"Shading Mode"},"sceneLighting":true,"audioPlay":false,"sceneViewState":{"m_AlwaysRefresh":false,"showFog":true,"showSkybox":true,"showFlares":true,"showImageEffects":true,"showParticleSystems":true,"showVisualEffectGraphs":true,"m_FxEnabled":true},"in2DMode":false,"pivot":{"x":9.36629581451416,"y":-12.584640502929688,"z":102.1796646118164},"rotation":{"x":0.10718760639429093,"y":-0.020020462572574617,"z":0.0021374740172177555,"w":0.9940956830978394},"size":72.82386779785156,"orthographic":false}